Zilla,Date,Cases
Bagerhat,15/04/2020,0
Bagerhat,16/04/2020,0
Bagerhat,17/04/2020,1
Bagerhat,18/04/2020,1
Bagerhat,19/04/2020,1
Bagerhat,20/04/2020,2
Bagerhat,21/04/2020,1
Bagerhat,22/04/2020,1
Bagerhat,23/04/2020,1
Bagerhat,24/04/2020,1
Bagerhat,25/04/2020,1
Bagerhat,26/04/2020,1
Bagerhat,27/04/2020,1
Bagerhat,28/04/2020,1
Bagerhat,29/04/2020,1
Bagerhat,30/04/2020,2
Bagerhat,1/5/2020,2
Bagerhat,2/5/2020,2
Bagerhat,3/5/2020,2
Bagerhat,4/5/2020,2
Bagerhat,5/5/2020,2
Bagerhat,6/5/2020,2
Bagerhat,7/5/2020,2
Bagerhat,8/5/2020,2
Bagerhat,9/5/2020,3
Bagerhat,10/5/2020,3
Bandarban,15/04/2020,0
Bandarban,16/04/2020,0
Bandarban,17/04/2020,1
Bandarban,18/04/2020,1
Bandarban,19/04/2020,1
Bandarban,20/04/2020,1
Bandarban,21/04/2020,1
Bandarban,22/04/2020,4
Bandarban,23/04/2020,4
Bandarban,24/04/2020,4
Bandarban,25/04/2020,4
Bandarban,26/04/2020,4
Bandarban,27/04/2020,4
Bandarban,28/04/2020,4
Bandarban,29/04/2020,4
Bandarban,30/04/2020,4
Bandarban,1/5/2020,7
Bandarban,2/5/2020,7
Bandarban,3/5/2020,7
Bandarban,4/5/2020,7
Bandarban,5/5/2020,4
Bandarban,6/5/2020,4
Bandarban,7/5/2020,4
Bandarban,8/5/2020,4
Bandarban,9/5/2020,4
Bandarban,10/5/2020,4
Barguna,15/04/2020,4
Barguna,16/04/2020,4
Barguna,17/04/2020,5
Barguna,18/04/2020,9
Barguna,19/04/2020,10
Barguna,20/04/2020,12
Barguna,21/04/2020,17
Barguna,22/04/2020,17
Barguna,23/04/2020,20
Barguna,24/04/2020,23
Barguna,25/04/2020,23
Barguna,26/04/2020,30
Barguna,27/04/2020,30
Barguna,28/04/2020,30
Barguna,29/04/2020,30
Barguna,30/04/2020,30
Barguna,1/5/2020,33
Barguna,2/5/2020,33
Barguna,3/5/2020,36
Barguna,4/5/2020,36
Barguna,5/5/2020,33
Barguna,6/5/2020,33
Barguna,7/5/2020,34
Barguna,8/5/2020,34
Barguna,9/5/2020,35
Barguna,10/5/2020,37
Barisal,15/04/2020,10
Barisal,16/04/2020,12
Barisal,17/04/2020,17
Barisal,18/04/2020,18
Barisal,19/04/2020,21
Barisal,20/04/2020,24
Barisal,21/04/2020,32
Barisal,22/04/2020,34
Barisal,23/04/2020,34
Barisal,24/04/2020,35
Barisal,25/04/2020,38
Barisal,26/04/2020,38
Barisal,27/04/2020,38
Barisal,28/04/2020,40
Barisal,29/04/2020,40
Barisal,30/04/2020,40
Barisal,1/5/2020,40
Barisal,2/5/2020,40
Barisal,3/5/2020,41
Barisal,4/5/2020,41
Barisal,5/5/2020,41
Barisal,6/5/2020,41
Barisal,7/5/2020,47
Barisal,8/5/2020,48
Barisal,9/5/2020,48
Barisal,10/5/2020,54
Bhola,15/04/2020,0
Bhola,16/04/2020,0
Bhola,17/04/2020,0
Bhola,18/04/2020,0
Bhola,19/04/2020,0
Bhola,20/04/2020,0
Bhola,21/04/2020,0
Bhola,22/04/2020,0
Bhola,23/04/2020,0
Bhola,24/04/2020,2
Bhola,25/04/2020,2
Bhola,26/04/2020,2
Bhola,27/04/2020,2
Bhola,28/04/2020,4
Bhola,29/04/2020,5
Bhola,30/04/2020,5
Bhola,1/5/2020,5
Bhola,2/5/2020,5
Bhola,3/5/2020,5
Bhola,4/5/2020,5
Bhola,5/5/2020,5
Bhola,6/5/2020,6
Bhola,7/5/2020,7
Bhola,8/5/2020,7
Bhola,9/5/2020,7
Bhola,10/5/2020,7
Bogra,15/04/2020,0
Bogra,16/04/2020,0
Bogra,17/04/2020,1
Bogra,18/04/2020,1
Bogra,19/04/2020,1
Bogra,20/04/2020,1
Bogra,21/04/2020,2
Bogra,22/04/2020,5
Bogra,23/04/2020,10
Bogra,24/04/2020,10
Bogra,25/04/2020,11
Bogra,26/04/2020,17
Bogra,27/04/2020,17
Bogra,28/04/2020,17
Bogra,29/04/2020,18
Bogra,30/04/2020,19
Bogra,1/5/2020,19
Bogra,2/5/2020,19
Bogra,3/5/2020,19
Bogra,4/5/2020,19
Bogra,5/5/2020,18
Bogra,6/5/2020,18
Bogra,7/5/2020,18
Bogra,8/5/2020,18
Bogra,9/5/2020,18
Bogra,10/5/2020,18
Brahamanbaria,15/04/2020,8
Brahamanbaria,16/04/2020,8
Brahamanbaria,17/04/2020,9
Brahamanbaria,18/04/2020,10
Brahamanbaria,19/04/2020,11
Brahamanbaria,20/04/2020,11
Brahamanbaria,21/04/2020,11
Brahamanbaria,22/04/2020,24
Brahamanbaria,23/04/2020,25
Brahamanbaria,24/04/2020,25
Brahamanbaria,25/04/2020,29
Brahamanbaria,26/04/2020,31
Brahamanbaria,27/04/2020,35
Brahamanbaria,28/04/2020,35
Brahamanbaria,29/04/2020,37
Brahamanbaria,30/04/2020,40
Brahamanbaria,1/5/2020,43
Brahamanbaria,2/5/2020,43
Brahamanbaria,3/5/2020,44
Brahamanbaria,4/5/2020,55
Brahamanbaria,5/5/2020,56
Brahamanbaria,6/5/2020,56
Brahamanbaria,7/5/2020,56
Brahamanbaria,8/5/2020,57
Brahamanbaria,9/5/2020,57
Brahamanbaria,10/5/2020,57
Chandpur,15/04/2020,6
Chandpur,16/04/2020,7
Chandpur,17/04/2020,8
Chandpur,18/04/2020,8
Chandpur,19/04/2020,8
Chandpur,20/04/2020,10
Chandpur,21/04/2020,10
Chandpur,22/04/2020,10
Chandpur,23/04/2020,10
Chandpur,24/04/2020,10
Chandpur,25/04/2020,10
Chandpur,26/04/2020,11
Chandpur,27/04/2020,11
Chandpur,28/04/2020,11
Chandpur,29/04/2020,13
Chandpur,30/04/2020,14
Chandpur,1/5/2020,15
Chandpur,2/5/2020,15
Chandpur,3/5/2020,15
Chandpur,4/5/2020,15
Chandpur,5/5/2020,27
Chandpur,6/5/2020,37
Chandpur,7/5/2020,42
Chandpur,8/5/2020,43
Chandpur,9/5/2020,55
Chandpur,10/5/2020,55
Nawabganj,15/04/2020,0
Nawabganj,16/04/2020,0
Nawabganj,17/04/2020,0
Nawabganj,18/04/2020,0
Nawabganj,19/04/2020,0
Nawabganj,20/04/2020,0
Nawabganj,21/04/2020,1
Nawabganj,22/04/2020,1
Nawabganj,23/04/2020,1
Nawabganj,24/04/2020,1
Nawabganj,25/04/2020,1
Nawabganj,26/04/2020,2
Nawabganj,27/04/2020,2
Nawabganj,28/04/2020,2
Nawabganj,29/04/2020,2
Nawabganj,30/04/2020,2
Nawabganj,1/5/2020,2
Nawabganj,2/5/2020,2
Nawabganj,3/5/2020,2
Nawabganj,4/5/2020,2
Nawabganj,5/5/2020,2
Nawabganj,6/5/2020,2
Nawabganj,7/5/2020,11
Nawabganj,8/5/2020,12
Nawabganj,9/5/2020,14
Nawabganj,10/5/2020,14
Chittagong,15/04/2020,31
Chittagong,16/04/2020,36
Chittagong,17/04/2020,37
Chittagong,18/04/2020,38
Chittagong,19/04/2020,39
Chittagong,20/04/2020,43
Chittagong,21/04/2020,41
Chittagong,22/04/2020,42
Chittagong,23/04/2020,45
Chittagong,24/04/2020,45
Chittagong,25/04/2020,46
Chittagong,26/04/2020,48
Chittagong,27/04/2020,56
Chittagong,28/04/2020,67
Chittagong,29/04/2020,70
Chittagong,30/04/2020,74
Chittagong,1/5/2020,75
Chittagong,2/5/2020,78
Chittagong,3/5/2020,80
Chittagong,4/5/2020,82
Chittagong,5/5/2020,82
Chittagong,6/5/2020,112
Chittagong,7/5/2020,140
Chittagong,8/5/2020,159
Chittagong,9/5/2020,207
Chittagong,10/5/2020,220
Chuadanga,15/04/2020,1
Chuadanga,16/04/2020,1
Chuadanga,17/04/2020,1
Chuadanga,18/04/2020,1
Chuadanga,19/04/2020,1
Chuadanga,20/04/2020,1
Chuadanga,21/04/2020,2
Chuadanga,22/04/2020,2
Chuadanga,23/04/2020,8
Chuadanga,24/04/2020,8
Chuadanga,25/04/2020,8
Chuadanga,26/04/2020,8
Chuadanga,27/04/2020,8
Chuadanga,28/04/2020,8
Chuadanga,29/04/2020,8
Chuadanga,30/04/2020,9
Chuadanga,1/5/2020,9
Chuadanga,2/5/2020,9
Chuadanga,3/5/2020,9
Chuadanga,4/5/2020,9
Chuadanga,5/5/2020,10
Chuadanga,6/5/2020,15
Chuadanga,7/5/2020,15
Chuadanga,8/5/2020,15
Chuadanga,9/5/2020,23
Chuadanga,10/5/2020,23
Cox'S Bazar,15/04/2020,1
Cox'S Bazar,16/04/2020,1
Cox'S Bazar,17/04/2020,1
Cox'S Bazar,18/04/2020,1
Cox'S Bazar,19/04/2020,1
Cox'S Bazar,20/04/2020,1
Cox'S Bazar,21/04/2020,5
Cox'S Bazar,22/04/2020,5
Cox'S Bazar,23/04/2020,5
Cox'S Bazar,24/04/2020,6
Cox'S Bazar,25/04/2020,6
Cox'S Bazar,26/04/2020,13
Cox'S Bazar,27/04/2020,13
Cox'S Bazar,28/04/2020,19
Cox'S Bazar,29/04/2020,20
Cox'S Bazar,30/04/2020,23
Cox'S Bazar,1/5/2020,37
Cox'S Bazar,2/5/2020,37
Cox'S Bazar,3/5/2020,37
Cox'S Bazar,4/5/2020,37
Cox'S Bazar,5/5/2020,39
Cox'S Bazar,6/5/2020,40
Cox'S Bazar,7/5/2020,53
Cox'S Bazar,8/5/2020,72
Cox'S Bazar,9/5/2020,77
Cox'S Bazar,10/5/2020,83
Comilla,15/04/2020,14
Comilla,16/04/2020,14
Comilla,17/04/2020,15
Comilla,18/04/2020,17
Comilla,19/04/2020,19
Comilla,20/04/2020,21
Comilla,21/04/2020,25
Comilla,22/04/2020,27
Comilla,23/04/2020,27
Comilla,24/04/2020,32
Comilla,25/04/2020,39
Comilla,26/04/2020,41
Comilla,27/04/2020,42
Comilla,28/04/2020,47
Comilla,29/04/2020,81
Comilla,30/04/2020,93
Comilla,1/5/2020,99
Comilla,2/5/2020,104
Comilla,3/5/2020,105
Comilla,4/5/2020,105
Comilla,5/5/2020,112
Comilla,6/5/2020,130
Comilla,7/5/2020,135
Comilla,8/5/2020,150
Comilla,9/5/2020,169
Comilla,10/5/2020,171
Dhaka,15/04/2020,546
Dhaka,16/04/2020,636
Dhaka,17/04/2020,768
Dhaka,18/04/2020,877
Dhaka,19/04/2020,1014
Dhaka,20/04/2020,1216
Dhaka,21/04/2020,1277
Dhaka,22/04/2020,1522
Dhaka,23/04/2020,1736
Dhaka,24/04/2020,2124
Dhaka,25/04/2020,2299
Dhaka,26/04/2020,2564
Dhaka,27/04/2020,2802
Dhaka,28/04/2020,3095
Dhaka,29/04/2020,3518
Dhaka,30/04/2020,3850
Dhaka,1/5/2020,4082
Dhaka,2/5/2020,4418
Dhaka,3/5/2020,4609
Dhaka,4/5/2020,4895
Dhaka,5/5/2020,5357
Dhaka,6/5/2020,5842
Dhaka,7/5/2020,6081
Dhaka,8/5/2020,6365
Dhaka,9/5/2020,6629
Dhaka,10/5/2020,6868
Dinajpur,15/04/2020,7
Dinajpur,16/04/2020,8
Dinajpur,17/04/2020,8
Dinajpur,18/04/2020,9
Dinajpur,19/04/2020,10
Dinajpur,20/04/2020,11
Dinajpur,21/04/2020,11
Dinajpur,22/04/2020,13
Dinajpur,23/04/2020,13
Dinajpur,24/04/2020,13
Dinajpur,25/04/2020,13
Dinajpur,26/04/2020,14
Dinajpur,27/04/2020,14
Dinajpur,28/04/2020,16
Dinajpur,29/04/2020,18
Dinajpur,30/04/2020,18
Dinajpur,1/5/2020,21
Dinajpur,2/5/2020,21
Dinajpur,3/5/2020,21
Dinajpur,4/5/2020,20
Dinajpur,5/5/2020,21
Dinajpur,6/5/2020,29
Dinajpur,7/5/2020,31
Dinajpur,8/5/2020,36
Dinajpur,9/5/2020,36
Dinajpur,10/5/2020,36
Faridpur,15/04/2020,2
Faridpur,16/04/2020,2
Faridpur,17/04/2020,2
Faridpur,18/04/2020,4
Faridpur,19/04/2020,4
Faridpur,20/04/2020,6
Faridpur,21/04/2020,5
Faridpur,22/04/2020,6
Faridpur,23/04/2020,7
Faridpur,24/04/2020,8
Faridpur,25/04/2020,9
Faridpur,26/04/2020,9
Faridpur,27/04/2020,9
Faridpur,28/04/2020,9
Faridpur,29/04/2020,12
Faridpur,30/04/2020,12
Faridpur,1/5/2020,13
Faridpur,2/5/2020,13
Faridpur,3/5/2020,13
Faridpur,4/5/2020,14
Faridpur,5/5/2020,15
Faridpur,6/5/2020,21
Faridpur,7/5/2020,21
Faridpur,8/5/2020,21
Faridpur,9/5/2020,21
Faridpur,10/5/2020,24
Feni,15/04/2020,0
Feni,16/04/2020,0
Feni,17/04/2020,0
Feni,18/04/2020,1
Feni,19/04/2020,2
Feni,20/04/2020,2
Feni,21/04/2020,3
Feni,22/04/2020,3
Feni,23/04/2020,3
Feni,24/04/2020,3
Feni,25/04/2020,3
Feni,26/04/2020,4
Feni,27/04/2020,4
Feni,28/04/2020,4
Feni,29/04/2020,4
Feni,30/04/2020,6
Feni,1/5/2020,6
Feni,2/5/2020,6
Feni,3/5/2020,6
Feni,4/5/2020,6
Feni,5/5/2020,6
Feni,6/5/2020,7
Feni,7/5/2020,7
Feni,8/5/2020,8
Feni,9/5/2020,8
Feni,10/5/2020,8
Gaibandha,15/04/2020,12
Gaibandha,16/04/2020,12
Gaibandha,17/04/2020,12
Gaibandha,18/04/2020,12
Gaibandha,19/04/2020,12
Gaibandha,20/04/2020,13
Gaibandha,21/04/2020,13
Gaibandha,22/04/2020,13
Gaibandha,23/04/2020,14
Gaibandha,24/04/2020,14
Gaibandha,25/04/2020,16
Gaibandha,26/04/2020,16
Gaibandha,27/04/2020,17
Gaibandha,28/04/2020,19
Gaibandha,29/04/2020,20
Gaibandha,30/04/2020,21
Gaibandha,1/5/2020,21
Gaibandha,2/5/2020,24
Gaibandha,3/5/2020,25
Gaibandha,4/5/2020,23
Gaibandha,5/5/2020,24
Gaibandha,6/5/2020,24
Gaibandha,7/5/2020,24
Gaibandha,8/5/2020,24
Gaibandha,9/5/2020,24
Gaibandha,10/5/2020,25
Gazipur,15/04/2020,53
Gazipur,16/04/2020,98
Gazipur,17/04/2020,117
Gazipur,18/04/2020,161
Gazipur,19/04/2020,173
Gazipur,20/04/2020,269
Gazipur,21/04/2020,269
Gazipur,22/04/2020,269
Gazipur,23/04/2020,292
Gazipur,24/04/2020,294
Gazipur,25/04/2020,261
Gazipur,26/04/2020,308
Gazipur,27/04/2020,315
Gazipur,28/04/2020,318
Gazipur,29/04/2020,320
Gazipur,30/04/2020,322
Gazipur,1/5/2020,322
Gazipur,2/5/2020,322
Gazipur,3/5/2020,324
Gazipur,4/5/2020,325
Gazipur,5/5/2020,326
Gazipur,6/5/2020,328
Gazipur,7/5/2020,328
Gazipur,8/5/2020,330
Gazipur,9/5/2020,332
Gazipur,10/5/2020,333
Gopalganj,15/04/2020,9
Gopalganj,16/04/2020,17
Gopalganj,17/04/2020,17
Gopalganj,18/04/2020,21
Gopalganj,19/04/2020,21
Gopalganj,20/04/2020,30
Gopalganj,21/04/2020,30
Gopalganj,22/04/2020,35
Gopalganj,23/04/2020,40
Gopalganj,24/04/2020,43
Gopalganj,25/04/2020,46
Munshiganj,28/04/2020,82
Munshiganj,29/04/2020,109
Munshiganj,30/04/2020,110
Munshiganj,1/5/2020,112
Munshiganj,2/5/2020,122
Munshiganj,3/5/2020,126
Munshiganj,4/5/2020,127
Munshiganj,5/5/2020,161
Munshiganj,6/5/2020,170
Munshiganj,7/5/2020,178
Munshiganj,8/5/2020,210
Munshiganj,9/5/2020,212
Munshiganj,10/5/2020,216
Mymensingh,15/04/2020,7
Mymensingh,16/04/2020,9
Mymensingh,17/04/2020,18
Mymensingh,18/04/2020,19
Mymensingh,19/04/2020,21
Mymensingh,20/04/2020,33
Mymensingh,21/04/2020,40
Mymensingh,22/04/2020,63
Mymensingh,23/04/2020,68
Mymensingh,24/04/2020,68
Mymensingh,25/04/2020,87
Mymensingh,26/04/2020,92
Mymensingh,27/04/2020,108
Mymensingh,28/04/2020,117
Mymensingh,29/04/2020,125
Mymensingh,30/04/2020,143
Mymensingh,1/5/2020,145
Mymensingh,2/5/2020,145
Mymensingh,3/5/2020,150
Mymensingh,4/5/2020,166
Mymensingh,5/5/2020,169
Mymensingh,6/5/2020,198
Mymensingh,7/5/2020,201
Mymensingh,8/5/2020,204
Mymensingh,9/5/2020,212
Mymensingh,10/5/2020,221
Naogaon,15/04/2020,0
Naogaon,16/04/2020,0
Naogaon,17/04/2020,0
Naogaon,18/04/2020,0
Naogaon,19/04/2020,0
Naogaon,20/04/2020,1
Naogaon,21/04/2020,1
Naogaon,22/04/2020,1
Naogaon,23/04/2020,1
Naogaon,24/04/2020,2
Naogaon,25/04/2020,2
Naogaon,26/04/2020,1
Naogaon,27/04/2020,1
Naogaon,28/04/2020,1
Naogaon,29/04/2020,15
Naogaon,30/04/2020,15
Naogaon,1/5/2020,15
Naogaon,2/5/2020,16
Naogaon,3/5/2020,16
Naogaon,4/5/2020,16
Naogaon,5/5/2020,17
Naogaon,6/5/2020,17
Naogaon,7/5/2020,17
Naogaon,8/5/2020,24
Naogaon,9/5/2020,24
Naogaon,10/5/2020,25
Narail,15/04/2020,1
Narail,16/04/2020,1
Narail,17/04/2020,2
Narail,18/04/2020,2
Narail,19/04/2020,2
Narail,20/04/2020,2
Narail,21/04/2020,2
Narail,22/04/2020,7
Narail,23/04/2020,7
Narail,24/04/2020,7
Narail,25/04/2020,7
Narail,26/04/2020,10
Narail,27/04/2020,13
Narail,28/04/2020,13
Narail,29/04/2020,13
Narail,30/04/2020,13
Narail,1/5/2020,13
Narail,2/5/2020,13
Narail,3/5/2020,13
Narail,4/5/2020,13
Narail,5/5/2020,13
Narail,6/5/2020,13
Narail,7/5/2020,13
Narail,8/5/2020,13
Narail,9/5/2020,13
Narail,10/5/2020,13
Narayanganj,15/04/2020,214
Narayanganj,16/04/2020,255
Narayanganj,17/04/2020,289
Narayanganj,18/04/2020,309
Narayanganj,19/04/2020,386
Narayanganj,20/04/2020,387
Narayanganj,21/04/2020,469
Narayanganj,22/04/2020,508
Narayanganj,23/04/2020,532
Narayanganj,24/04/2020,566
Narayanganj,25/04/2020,594
Narayanganj,26/04/2020,625
Narayanganj,27/04/2020,699
Narayanganj,28/04/2020,849
Narayanganj,29/04/2020,863
Narayanganj,30/04/2020,923
Narayanganj,1/5/2020,966
Narayanganj,2/5/2020,987
Narayanganj,3/5/2020,1007
Narayanganj,4/5/2020,1021
Narayanganj,5/5/2020,1055
Narayanganj,6/5/2020,1072
Narayanganj,7/5/2020,1078
Narayanganj,8/5/2020,1136
Narayanganj,9/5/2020,1177
Narayanganj,10/5/2020,1198
Narsingdi,15/04/2020,28
Narsingdi,16/04/2020,64
Narsingdi,17/04/2020,65
Narsingdi,18/04/2020,93
Narsingdi,19/04/2020,105
Narsingdi,20/04/2020,135
Narsingdi,21/04/2020,136
Narsingdi,22/04/2020,136
Narsingdi,23/04/2020,141
Narsingdi,24/04/2020,141
Narsingdi,25/04/2020,141
Narsingdi,26/04/2020,142
Narsingdi,27/04/2020,142
Narsingdi,28/04/2020,142
Narsingdi,29/04/2020,142
Narsingdi,30/04/2020,145
Narsingdi,1/5/2020,151
Narsingdi,2/5/2020,152
Narsingdi,3/5/2020,152
Narsingdi,4/5/2020,154
Narsingdi,5/5/2020,166
Narsingdi,6/5/2020,167
Narsingdi,7/5/2020,167
Narsingdi,8/5/2020,171
Narsingdi,9/5/2020,171
Narsingdi,10/5/2020,171
Natore,15/04/2020,0
Natore,16/04/2020,0
Natore,17/04/2020,0
Natore,18/04/2020,0
Natore,19/04/2020,0
Natore,20/04/2020,0
Natore,21/04/2020,0
Natore,22/04/2020,0
Natore,23/04/2020,1
Natore,24/04/2020,1
Natore,25/04/2020,1
Natore,26/04/2020,1
Natore,27/04/2020,1
Natore,28/04/2020,1
Natore,29/04/2020,8
Natore,30/04/2020,9
Natore,1/5/2020,9
Natore,2/5/2020,9
Natore,3/5/2020,9
Natore,4/5/2020,9
Natore,5/5/2020,10
Natore,6/5/2020,11
Natore,7/5/2020,11
Natore,8/5/2020,12
Natore,9/5/2020,12
Natore,10/5/2020,13
Netrakona,15/04/2020,4
Netrakona,16/04/2020,6
Netrakona,17/04/2020,7
Netrakona,18/04/2020,12
Netrakona,19/04/2020,14
Netrakona,20/04/2020,14
Netrakona,21/04/2020,18
Netrakona,22/04/2020,22
Netrakona,23/04/2020,22
Netrakona,24/04/2020,22
Netrakona,25/04/2020,25
Netrakona,26/04/2020,25
Netrakona,27/04/2020,25
Netrakona,28/04/2020,27
Netrakona,29/04/2020,29
Netrakona,30/04/2020,29
Netrakona,1/5/2020,32
Netrakona,2/5/2020,32
Netrakona,3/5/2020,41
Netrakona,4/5/2020,51
Netrakona,5/5/2020,52
Netrakona,6/5/2020,62
Netrakona,7/5/2020,63
Netrakona,8/5/2020,64
Netrakona,9/5/2020,68
Netrakona,10/5/2020,68
Nilphamari,15/04/2020,6
Nilphamari,16/04/2020,6
Nilphamari,17/04/2020,6
Nilphamari,18/04/2020,9
Nilphamari,19/04/2020,9
Nilphamari,20/04/2020,9
Nilphamari,21/04/2020,9
Nilphamari,22/04/2020,10
Nilphamari,23/04/2020,10
Nilphamari,24/04/2020,10
Nilphamari,25/04/2020,10
Nilphamari,26/04/2020,10
Nilphamari,27/04/2020,10
Nilphamari,28/04/2020,11
Nilphamari,29/04/2020,13
Nilphamari,30/04/2020,13
Nilphamari,1/5/2020,15
Nilphamari,2/5/2020,16
Nilphamari,3/5/2020,16
Nilphamari,4/5/2020,23
Nilphamari,5/5/2020,25
Nilphamari,6/5/2020,31
Nilphamari,7/5/2020,31
Nilphamari,8/5/2020,35
Nilphamari,9/5/2020,41
Nilphamari,10/5/2020,41
Noakhali,15/04/2020,1
Noakhali,16/04/2020,2
Noakhali,17/04/2020,2
Noakhali,18/04/2020,3
Noakhali,19/04/2020,3
Noakhali,20/04/2020,4
Noakhali,21/04/2020,4
Noakhali,22/04/2020,4
Noakhali,23/04/2020,4
Noakhali,24/04/2020,4
Gopalganj,26/04/2020,49
Gopalganj,27/04/2020,49
Gopalganj,28/04/2020,50
Gopalganj,29/04/2020,52
Gopalganj,30/04/2020,45
Gopalganj,1/5/2020,45
Gopalganj,2/5/2020,45
Gopalganj,3/5/2020,45
Gopalganj,4/5/2020,47
Gopalganj,5/5/2020,44
Gopalganj,6/5/2020,45
Gopalganj,7/5/2020,45
Gopalganj,8/5/2020,49
Gopalganj,9/5/2020,50
Gopalganj,10/5/2020,56
Habiganj,15/04/2020,1
Habiganj,16/04/2020,1
Habiganj,17/04/2020,1
Habiganj,18/04/2020,1
Habiganj,19/04/2020,1
Habiganj,20/04/2020,1
Habiganj,21/04/2020,11
Habiganj,22/04/2020,13
Habiganj,23/04/2020,18
Habiganj,24/04/2020,21
Habiganj,25/04/2020,21
Habiganj,26/04/2020,47
Habiganj,27/04/2020,48
Habiganj,28/04/2020,48
Habiganj,29/04/2020,52
Habiganj,30/04/2020,53
Habiganj,1/5/2020,55
Habiganj,2/5/2020,67
Habiganj,3/5/2020,67
Habiganj,4/5/2020,69
Habiganj,5/5/2020,69
Habiganj,6/5/2020,70
Habiganj,7/5/2020,70
Habiganj,8/5/2020,70
Habiganj,9/5/2020,70
Habiganj,10/5/2020,73
Jamalpur,15/04/2020,12
Jamalpur,16/04/2020,12
Jamalpur,17/04/2020,12
Jamalpur,18/04/2020,17
Jamalpur,19/04/2020,20
Jamalpur,20/04/2020,21
Jamalpur,21/04/2020,22
Jamalpur,22/04/2020,29
Jamalpur,23/04/2020,30
Jamalpur,24/04/2020,30
Jamalpur,25/04/2020,37
Jamalpur,26/04/2020,45
Jamalpur,27/04/2020,45
Jamalpur,28/04/2020,52
Jamalpur,29/04/2020,58
Jamalpur,30/04/2020,61
Jamalpur,1/5/2020,66
Jamalpur,2/5/2020,66
Jamalpur,3/5/2020,73
Jamalpur,4/5/2020,73
Jamalpur,5/5/2020,74
Jamalpur,6/5/2020,79
Jamalpur,7/5/2020,79
Jamalpur,8/5/2020,102
Jamalpur,9/5/2020,104
Jamalpur,10/5/2020,110
Jessore,15/04/2020,0
Jessore,16/04/2020,0
Jessore,17/04/2020,1
Jessore,18/04/2020,1
Jessore,19/04/2020,1
Jessore,20/04/2020,1
Jessore,21/04/2020,1
Jessore,22/04/2020,5
Jessore,23/04/2020,7
Jessore,24/04/2020,7
Jessore,25/04/2020,7
Jessore,26/04/2020,22
Jessore,27/04/2020,26
Jessore,28/04/2020,36
Jessore,29/04/2020,62
Jessore,30/04/2020,63
Jessore,1/5/2020,63
Jessore,2/5/2020,63
Jessore,3/5/2020,63
Jessore,4/5/2020,63
Jessore,5/5/2020,74
Jessore,6/5/2020,75
Jessore,7/5/2020,75
Jessore,8/5/2020,79
Jessore,9/5/2020,79
Jessore,10/5/2020,79
Jhalokati,15/04/2020,3
Jhalokati,16/04/2020,3
Jhalokati,17/04/2020,3
Jhalokati,18/04/2020,3
Jhalokati,19/04/2020,4
Jhalokati,20/04/2020,4
Jhalokati,21/04/2020,4
Jhalokati,22/04/2020,5
Jhalokati,23/04/2020,5
Jhalokati,24/04/2020,5
Jhalokati,25/04/2020,5
Jhalokati,26/04/2020,5
Jhalokati,27/04/2020,5
Jhalokati,28/04/2020,6
Jhalokati,29/04/2020,6
Jhalokati,30/04/2020,8
Jhalokati,1/5/2020,8
Jhalokati,2/5/2020,8
Jhalokati,3/5/2020,10
Jhalokati,4/5/2020,10
Jhalokati,5/5/2020,10
Jhalokati,6/5/2020,10
Jhalokati,7/5/2020,13
Jhalokati,8/5/2020,13
Jhalokati,9/5/2020,13
Jhalokati,10/5/2020,13
Jhenaidah,15/04/2020,0
Jhenaidah,16/04/2020,0
Jhenaidah,17/04/2020,0
Jhenaidah,18/04/2020,0
Jhenaidah,19/04/2020,0
Jhenaidah,20/04/2020,0
Jhenaidah,21/04/2020,0
Jhenaidah,22/04/2020,0
Jhenaidah,23/04/2020,0
Jhenaidah,24/04/2020,0
Jhenaidah,25/04/2020,0
Jhenaidah,26/04/2020,7
Jhenaidah,27/04/2020,11
Jhenaidah,28/04/2020,19
Jhenaidah,29/04/2020,19
Jhenaidah,30/04/2020,19
Jhenaidah,1/5/2020,19
Jhenaidah,2/5/2020,19
Jhenaidah,3/5/2020,19
Jhenaidah,4/5/2020,19
Jhenaidah,5/5/2020,27
Jhenaidah,6/5/2020,33
Jhenaidah,7/5/2020,33
Jhenaidah,8/5/2020,34
Jhenaidah,9/5/2020,38
Jhenaidah,10/5/2020,38
Joypurhat,15/04/2020,0
Joypurhat,16/04/2020,0
Joypurhat,17/04/2020,2
Joypurhat,18/04/2020,2
Joypurhat,19/04/2020,2
Joypurhat,20/04/2020,2
Joypurhat,21/04/2020,3
Joypurhat,22/04/2020,4
Joypurhat,23/04/2020,4
Joypurhat,24/04/2020,4
Joypurhat,25/04/2020,4
Joypurhat,26/04/2020,8
Joypurhat,27/04/2020,10
Joypurhat,28/04/2020,21
Joypurhat,29/04/2020,28
Joypurhat,30/04/2020,32
Joypurhat,1/5/2020,33
Joypurhat,2/5/2020,33
Joypurhat,3/5/2020,33
Joypurhat,4/5/2020,33
Joypurhat,5/5/2020,34
Joypurhat,6/5/2020,34
Joypurhat,7/5/2020,37
Joypurhat,8/5/2020,39
Joypurhat,9/5/2020,39
Joypurhat,10/5/2020,42
Khagrachhari,15/04/2020,0
Khagrachhari,16/04/2020,0
Khagrachhari,17/04/2020,0
Khagrachhari,18/04/2020,0
Khagrachhari,19/04/2020,0
Khagrachhari,20/04/2020,0
Khagrachhari,21/04/2020,0
Khagrachhari,22/04/2020,0
Khagrachhari,23/04/2020,0
Khagrachhari,24/04/2020,0
Khagrachhari,25/04/2020,0
Khagrachhari,26/04/2020,0
Khagrachhari,27/04/2020,0
Khagrachhari,28/04/2020,0
Khagrachhari,29/04/2020,0
Khagrachhari,30/04/2020,1
Khagrachhari,1/5/2020,2
Khagrachhari,2/5/2020,2
Khagrachhari,3/5/2020,2
Khagrachhari,4/5/2020,2
Khagrachhari,5/5/2020,2
Khagrachhari,6/5/2020,2
Khagrachhari,7/5/2020,2
Khagrachhari,8/5/2020,2
Khagrachhari,9/5/2020,3
Khagrachhari,10/5/2020,3
Khulna,15/04/2020,1
Khulna,16/04/2020,1
Khulna,17/04/2020,1
Khulna,18/04/2020,1
Khulna,19/04/2020,1
Khulna,20/04/2020,3
Khulna,21/04/2020,3
Khulna,22/04/2020,4
Khulna,23/04/2020,6
Khulna,24/04/2020,7
Khulna,25/04/2020,7
Khulna,26/04/2020,7
Khulna,27/04/2020,8
Khulna,28/04/2020,8
Khulna,29/04/2020,11
Khulna,30/04/2020,11
Khulna,1/5/2020,13
Khulna,2/5/2020,13
Khulna,3/5/2020,16
Khulna,4/5/2020,16
Khulna,5/5/2020,17
Khulna,6/5/2020,17
Khulna,7/5/2020,20
Khulna,8/5/2020,20
Khulna,9/5/2020,20
Khulna,10/5/2020,20
Kishoreganj,15/04/2020,17
Kishoreganj,16/04/2020,33
Kishoreganj,17/04/2020,33
Kishoreganj,18/04/2020,54
Kishoreganj,19/04/2020,77
Kishoreganj,20/04/2020,146
Kishoreganj,21/04/2020,146
Kishoreganj,22/04/2020,146
Kishoreganj,23/04/2020,179
Kishoreganj,24/04/2020,180
Kishoreganj,25/04/2020,181
Kishoreganj,26/04/2020,183
Kishoreganj,27/04/2020,191
Kishoreganj,28/04/2020,194
Kishoreganj,29/04/2020,197
Kishoreganj,30/04/2020,200
Kishoreganj,1/5/2020,201
Kishoreganj,2/5/2020,201
Kishoreganj,3/5/2020,201
Kishoreganj,4/5/2020,202
Kishoreganj,5/5/2020,202
Kishoreganj,6/5/2020,202
Kishoreganj,7/5/2020,202
Kishoreganj,8/5/2020,202
Kishoreganj,9/5/2020,202
Kishoreganj,10/5/2020,202
Kurigram,15/04/2020,2
Kurigram,16/04/2020,2
Kurigram,17/04/2020,2
Kurigram,18/04/2020,2
Kurigram,19/04/2020,2
Noakhali,25/04/2020,5
Noakhali,26/04/2020,5
Noakhali,27/04/2020,5
Noakhali,28/04/2020,6
Noakhali,29/04/2020,6
Noakhali,30/04/2020,6
Noakhali,1/5/2020,9
Noakhali,2/5/2020,9
Noakhali,3/5/2020,15
Noakhali,4/5/2020,17
Patuakhali,15/04/2020,2
Pirojpur,15/04/2020,4
Patuakhali,16/04/2020,2
Pirojpur,16/04/2020,4
Patuakhali,17/04/2020,2
Pirojpur,17/04/2020,4
Patuakhali,18/04/2020,2
Pirojpur,18/04/2020,4
Patuakhali,19/04/2020,2
Pirojpur,19/04/2020,4
Patuakhali,20/04/2020,2
Pirojpur,20/04/2020,5
Patuakhali,21/04/2020,7
Pirojpur,21/04/2020,5
Patuakhali,22/04/2020,10
Pirojpur,22/04/2020,5
Patuakhali,23/04/2020,10
Pirojpur,23/04/2020,5
Patuakhali,24/04/2020,16
Pirojpur,24/04/2020,5
Patuakhali,25/04/2020,19
Pirojpur,25/04/2020,7
Patuakhali,26/04/2020,20
Pirojpur,26/04/2020,7
Patuakhali,27/04/2020,20
Pirojpur,27/04/2020,7
Patuakhali,28/04/2020,23
Pirojpur,28/04/2020,8
Patuakhali,29/04/2020,23
Pirojpur,29/04/2020,8
Patuakhali,30/04/2020,27
Pirojpur,30/04/2020,9
Patuakhali,1/5/2020,28
Pirojpur,1/5/2020,9
Patuakhali,2/5/2020,28
Pirojpur,2/5/2020,9
Patuakhali,3/5/2020,28
Pirojpur,3/5/2020,10
Patuakhali,4/5/2020,28
Pirojpur,4/5/2020,10
Patuakhali,5/5/2020,28
Pirojpur,5/5/2020,0
Patuakhali,6/5/2020,28
Pirojpur,6/5/2020,0
Patuakhali,7/5/2020,28
Pirojpur,7/5/2020,0
Patuakhali,8/5/2020,28
Pirojpur,8/5/2020,0
Patuakhali,9/5/2020,28
Pirojpur,9/5/2020,6
Patuakhali,10/5/2020,28
Pirojpur,10/5/2020,7
Lakshmipur,15/04/2020,1
Rangamati,15/04/2020,0
Lakshmipur,16/04/2020,1
Rangamati,16/04/2020,0
Lakshmipur,17/04/2020,18
Rangamati,17/04/2020,0
Lakshmipur,18/04/2020,18
Rangamati,18/04/2020,0
Lakshmipur,19/04/2020,21
Rangamati,19/04/2020,0
Lakshmipur,20/04/2020,25
Rangamati,20/04/2020,0
Lakshmipur,21/04/2020,25
Rangamati,21/04/2020,0
Lakshmipur,22/04/2020,25
Rangamati,22/04/2020,0
Lakshmipur,23/04/2020,26
Rangamati,23/04/2020,0
Lakshmipur,24/04/2020,27
Rangamati,24/04/2020,0
Lakshmipur,25/04/2020,28
Rangamati,25/04/2020,0
Lakshmipur,26/04/2020,28
Rangamati,26/04/2020,0
Lakshmipur,27/04/2020,31
Rangamati,27/04/2020,0
Lakshmipur,28/04/2020,34
Rangamati,28/04/2020,0
Lakshmipur,29/04/2020,35
Rangamati,29/04/2020,0
Lakshmipur,30/04/2020,35
Rangamati,30/04/2020,0
Lakshmipur,1/5/2020,41
Rangamati,1/5/2020,0
Lakshmipur,2/5/2020,41
Rangamati,2/5/2020,0
Lakshmipur,3/5/2020,42
Rangamati,3/5/2020,0
Lakshmipur,4/5/2020,43
Rangamati,4/5/2020,0
Lakshmipur,5/5/2020,45
Noakhali,5/5/2020,21
Rangamati,5/5/2020,0
Lakshmipur,6/5/2020,45
Noakhali,6/5/2020,22
Rangamati,6/5/2020,0
Lakshmipur,7/5/2020,48
Noakhali,7/5/2020,22
Rangamati,7/5/2020,4
Lakshmipur,8/5/2020,50
Noakhali,8/5/2020,27
Rangamati,8/5/2020,4
Lakshmipur,9/5/2020,58
Noakhali,9/5/2020,27
Rangamati,9/5/2020,4
Lakshmipur,10/5/2020,58
Noakhali,10/5/2020,30
Rangamati,10/5/2020,4
Madaripur,15/04/2020,19
Manikganj,15/04/2020,5
Munshiganj,15/04/2020,21
Rajbari,15/04/2020,6
Shariatpur,15/04/2020,5
Sirajganj,15/04/2020,0
Tangail,15/04/2020,9
Madaripur,16/04/2020,23
Manikganj,16/04/2020,5
Munshiganj,16/04/2020,21
Rajbari,16/04/2020,7
Shariatpur,16/04/2020,6
Sirajganj,16/04/2020,0
Tangail,16/04/2020,9
Madaripur,17/04/2020,23
Manikganj,17/04/2020,5
Munshiganj,17/04/2020,27
Rajbari,17/04/2020,7
Shariatpur,17/04/2020,6
Sirajganj,17/04/2020,0
Tangail,17/04/2020,9
Madaripur,18/04/2020,25
Manikganj,18/04/2020,6
Munshiganj,18/04/2020,33
Rajbari,18/04/2020,7
Shariatpur,18/04/2020,6
Sirajganj,18/04/2020,0
Tangail,18/04/2020,9
Madaripur,19/04/2020,26
Manikganj,19/04/2020,6
Munshiganj,19/04/2020,33
Rajbari,19/04/2020,7
Shariatpur,19/04/2020,7
Sirajganj,19/04/2020,0
Tangail,19/04/2020,10
Madaripur,20/04/2020,25
Manikganj,20/04/2020,7
Munshiganj,20/04/2020,33
Rajbari,20/04/2020,8
Shariatpur,20/04/2020,8
Sirajganj,20/04/2020,1
Tangail,20/04/2020,10
Madaripur,21/04/2020,26
Manikganj,21/04/2020,9
Munshiganj,21/04/2020,54
Rajbari,21/04/2020,10
Shariatpur,21/04/2020,8
Sirajganj,21/04/2020,2
Tangail,21/04/2020,13
Madaripur,22/04/2020,27
Manikganj,22/04/2020,9
Munshiganj,22/04/2020,61
Rajbari,22/04/2020,9
Shariatpur,22/04/2020,11
Sirajganj,22/04/2020,2
Tangail,22/04/2020,15
Madaripur,23/04/2020,28
Manikganj,23/04/2020,9
Munshiganj,23/04/2020,63
Rajbari,23/04/2020,11
Shariatpur,23/04/2020,11
Sirajganj,23/04/2020,2
Tangail,23/04/2020,16
Madaripur,24/04/2020,28
Manikganj,24/04/2020,12
Munshiganj,24/04/2020,63
Rajbari,24/04/2020,11
Shariatpur,24/04/2020,11
Sirajganj,24/04/2020,2
Tangail,24/04/2020,21
Madaripur,25/04/2020,29
Manikganj,25/04/2020,12
Munshiganj,25/04/2020,62
Rajbari,25/04/2020,12
Shariatpur,25/04/2020,14
Sirajganj,25/04/2020,2
Tangail,25/04/2020,22
Madaripur,26/04/2020,30
Manikganj,26/04/2020,12
Munshiganj,26/04/2020,72
Rajbari,26/04/2020,14
Shariatpur,26/04/2020,22
Sirajganj,26/04/2020,2
Tangail,26/04/2020,23
Madaripur,27/04/2020,36
Manikganj,27/04/2020,15
Munshiganj,27/04/2020,78
Rajbari,27/04/2020,14
Shariatpur,27/04/2020,22
Sirajganj,27/04/2020,2
Tangail,27/04/2020,24
Madaripur,28/04/2020,38
Manikganj,28/04/2020,15
Rajbari,28/04/2020,14
Shariatpur,28/04/2020,24
Sirajganj,28/04/2020,3
Tangail,28/04/2020,27
Madaripur,29/04/2020,38
Manikganj,29/04/2020,21
Rajbari,29/04/2020,14
Shariatpur,29/04/2020,24
Sirajganj,29/04/2020,3
Tangail,29/04/2020,28
Madaripur,30/04/2020,39
Manikganj,30/04/2020,21
Rajbari,30/04/2020,17
Shariatpur,30/04/2020,30
Sirajganj,30/04/2020,3
Tangail,30/04/2020,29
Madaripur,1/5/2020,39
Manikganj,1/5/2020,22
Rajbari,1/5/2020,19
Shariatpur,1/5/2020,30
Sirajganj,1/5/2020,3
Tangail,1/5/2020,29
Madaripur,2/5/2020,46
Manikganj,2/5/2020,22
Rajbari,2/5/2020,19
Shariatpur,2/5/2020,39
Sirajganj,2/5/2020,3
Tangail,2/5/2020,29
Madaripur,3/5/2020,46
Manikganj,3/5/2020,22
Rajbari,3/5/2020,19
Shariatpur,3/5/2020,35
Sirajganj,3/5/2020,3
Tangail,3/5/2020,29
Madaripur,4/5/2020,47
Manikganj,4/5/2020,22
Rajbari,4/5/2020,19
Shariatpur,4/5/2020,40
Sirajganj,4/5/2020,4
Tangail,4/5/2020,30
Madaripur,5/5/2020,48
Manikganj,5/5/2020,24
Rajbari,5/5/2020,22
Shariatpur,5/5/2020,44
Sirajganj,5/5/2020,4
Tangail,5/5/2020,30
Madaripur,6/5/2020,53
Manikganj,6/5/2020,28
Rajbari,6/5/2020,23
Shariatpur,6/5/2020,54
Sirajganj,6/5/2020,4
Tangail,6/5/2020,30
Madaripur,7/5/2020,53
Manikganj,7/5/2020,28
Rajbari,7/5/2020,23
Shariatpur,7/5/2020,55
Sirajganj,7/5/2020,4
Tangail,7/5/2020,30
Madaripur,8/5/2020,54
Manikganj,8/5/2020,28
Rajbari,8/5/2020,23
Shariatpur,8/5/2020,57
Sirajganj,8/5/2020,6
Tangail,8/5/2020,31
Madaripur,9/5/2020,54
Manikganj,9/5/2020,28
Rajbari,9/5/2020,23
Shariatpur,9/5/2020,57
Sirajganj,9/5/2020,6
Tangail,9/5/2020,31
Madaripur,10/5/2020,54
Manikganj,10/5/2020,28
Rajbari,10/5/2020,23
Shariatpur,10/5/2020,57
Sirajganj,10/5/2020,6
Tangail,10/5/2020,31
Kushtia,15/04/2020,0
Magura,15/04/2020,0
Meherpur,15/04/2020,0
Satkhira,15/04/2020,0
Kushtia,16/04/2020,0
Magura,16/04/2020,0
Meherpur,16/04/2020,0
Satkhira,16/04/2020,0
Kushtia,17/04/2020,0
Magura,17/04/2020,0
Meherpur,17/04/2020,0
Satkhira,17/04/2020,0
Kushtia,18/04/2020,0
Magura,18/04/2020,0
Meherpur,18/04/2020,0
Satkhira,18/04/2020,0
Kushtia,19/04/2020,0
Magura,19/04/2020,0
Meherpur,19/04/2020,0
Satkhira,19/04/2020,0
Kushtia,20/04/2020,0
Magura,20/04/2020,0
Meherpur,20/04/2020,0
Satkhira,20/04/2020,0
Kushtia,21/04/2020,0
Magura,21/04/2020,0
Meherpur,21/04/2020,0
Satkhira,21/04/2020,0
Kushtia,22/04/2020,2
Magura,22/04/2020,1
Meherpur,22/04/2020,1
Satkhira,22/04/2020,0
Kushtia,23/04/2020,4
Magura,23/04/2020,2
Meherpur,23/04/2020,2
Satkhira,23/04/2020,0
Kushtia,24/04/2020,4
Magura,24/04/2020,2
Meherpur,24/04/2020,2
Satkhira,24/04/2020,0
Kushtia,25/04/2020,4
Magura,25/04/2020,2
Meherpur,25/04/2020,2
Satkhira,25/04/2020,0
Kushtia,26/04/2020,4
Magura,26/04/2020,4
Meherpur,26/04/2020,2
Satkhira,26/04/2020,0
Kushtia,27/04/2020,10
Magura,27/04/2020,4
Meherpur,27/04/2020,2
Satkhira,27/04/2020,0
Kushtia,28/04/2020,10
Magura,28/04/2020,4
Meherpur,28/04/2020,2
Satkhira,28/04/2020,0
Kushtia,29/04/2020,13
Magura,29/04/2020,6
Meherpur,29/04/2020,2
Satkhira,29/04/2020,1
Kushtia,30/04/2020,15
Magura,30/04/2020,7
Meherpur,30/04/2020,2
Satkhira,30/04/2020,1
Kushtia,1/5/2020,16
Magura,1/5/2020,8
Meherpur,1/5/2020,2
Satkhira,1/5/2020,2
Kushtia,2/5/2020,16
Magura,2/5/2020,8
Meherpur,2/5/2020,2
Satkhira,2/5/2020,2
Kushtia,3/5/2020,16
Magura,3/5/2020,8
Meherpur,3/5/2020,2
Satkhira,3/5/2020,2
Kushtia,4/5/2020,16
Magura,4/5/2020,8
Meherpur,4/5/2020,2
Satkhira,4/5/2020,2
Kushtia,5/5/2020,16
Magura,5/5/2020,7
Meherpur,5/5/2020,3
Satkhira,5/5/2020,3
Kushtia,6/5/2020,18
Magura,6/5/2020,8
Meherpur,6/5/2020,4
Satkhira,6/5/2020,4
Kushtia,7/5/2020,20
Magura,7/5/2020,8
Meherpur,7/5/2020,4
Satkhira,7/5/2020,4
Kushtia,8/5/2020,20
Magura,8/5/2020,11
Meherpur,8/5/2020,5
Satkhira,8/5/2020,4
Kushtia,9/5/2020,20
Magura,9/5/2020,12
Meherpur,9/5/2020,5
Satkhira,9/5/2020,4
Kushtia,10/5/2020,20
Magura,10/5/2020,12
Meherpur,10/5/2020,5
Satkhira,10/5/2020,4
Sherpur,15/04/2020,3
Sherpur,16/04/2020,5
Sherpur,17/04/2020,5
Sherpur,18/04/2020,11
Sherpur,19/04/2020,11
Sherpur,20/04/2020,13
Sherpur,21/04/2020,19
Sherpur,22/04/2020,19
Sherpur,23/04/2020,19
Sherpur,24/04/2020,19
Sherpur,25/04/2020,19
Sherpur,26/04/2020,19
Sherpur,27/04/2020,23
Sherpur,28/04/2020,23
Sherpur,29/04/2020,25
Sherpur,30/04/2020,25
Sherpur,1/5/2020,26
Sherpur,2/5/2020,26
Sherpur,3/5/2020,26
Sherpur,4/5/2020,26
Sherpur,5/5/2020,26
Sherpur,6/5/2020,26
Sherpur,7/5/2020,28
Sherpur,8/5/2020,30
Sherpur,9/5/2020,30
Sherpur,10/5/2020,36
Pabna,15/04/2020,0
Rajshahi,15/04/2020,4
Pabna,16/04/2020,0
Rajshahi,16/04/2020,3
Pabna,17/04/2020,1
Rajshahi,17/04/2020,4
Pabna,18/04/2020,1
Rajshahi,18/04/2020,4
Pabna,19/04/2020,2
Rajshahi,19/04/2020,4
Pabna,20/04/2020,2
Rajshahi,20/04/2020,5
Pabna,21/04/2020,3
Rajshahi,21/04/2020,9
Pabna,22/04/2020,3
Rajshahi,22/04/2020,9
Pabna,23/04/2020,3
Rajshahi,23/04/2020,9
Pabna,24/04/2020,3
Rajshahi,24/04/2020,9
Pabna,25/04/2020,3
Rajshahi,25/04/2020,10
Pabna,26/04/2020,2
Rajshahi,26/04/2020,9
Pabna,27/04/2020,2
Rajshahi,27/04/2020,10
Pabna,28/04/2020,8
Rajshahi,28/04/2020,10
Pabna,29/04/2020,8
Rajshahi,29/04/2020,19
Pabna,30/04/2020,10
Rajshahi,30/04/2020,19
Pabna,1/5/2020,10
Rajshahi,1/5/2020,20
Pabna,2/5/2020,10
Rajshahi,2/5/2020,20
Pabna,3/5/2020,10
Rajshahi,3/5/2020,21
Pabna,4/5/2020,11
Rajshahi,4/5/2020,21
Pabna,5/5/2020,15
Rajshahi,5/5/2020,25
Pabna,6/5/2020,16
Rajshahi,6/5/2020,26
Pabna,7/5/2020,16
Rajshahi,7/5/2020,26
Pabna,8/5/2020,16
Rajshahi,8/5/2020,26
Pabna,9/5/2020,16
Rajshahi,9/5/2020,26
Pabna,10/5/2020,18
Rajshahi,10/5/2020,26
Lalmonirhat,15/04/2020,2
Panchagarh,15/04/2020,0
Rangpur,15/04/2020,2
Thakurgaon,15/04/2020,3
Lalmonirhat,16/04/2020,2
Panchagarh,16/04/2020,0
Rangpur,16/04/2020,3
Thakurgaon,16/04/2020,3
Lalmonirhat,17/04/2020,2
Panchagarh,17/04/2020,0
Rangpur,17/04/2020,1
Thakurgaon,17/04/2020,3
Lalmonirhat,18/04/2020,2
Panchagarh,18/04/2020,1
Rangpur,18/04/2020,3
Thakurgaon,18/04/2020,5
Lalmonirhat,19/04/2020,2
Panchagarh,19/04/2020,1
Rangpur,19/04/2020,2
Thakurgaon,19/04/2020,6
Kurigram,20/04/2020,2
Lalmonirhat,20/04/2020,2
Panchagarh,20/04/2020,1
Rangpur,20/04/2020,6
Thakurgaon,20/04/2020,6
Kurigram,21/04/2020,3
Lalmonirhat,21/04/2020,2
Panchagarh,21/04/2020,1
Rangpur,21/04/2020,7
Thakurgaon,21/04/2020,6
Kurigram,22/04/2020,3
Lalmonirhat,22/04/2020,2
Panchagarh,22/04/2020,2
Rangpur,22/04/2020,9
Thakurgaon,22/04/2020,8
Kurigram,23/04/2020,4
Lalmonirhat,23/04/2020,2
Panchagarh,23/04/2020,2
Rangpur,23/04/2020,10
Thakurgaon,23/04/2020,8
Kurigram,24/04/2020,5
Lalmonirhat,24/04/2020,2
Panchagarh,24/04/2020,3
Rangpur,24/04/2020,15
Thakurgaon,24/04/2020,8
Kurigram,25/04/2020,3
Lalmonirhat,25/04/2020,2
Panchagarh,25/04/2020,3
Rangpur,25/04/2020,18
Thakurgaon,25/04/2020,7
Kurigram,26/04/2020,3
Lalmonirhat,26/04/2020,2
Panchagarh,26/04/2020,4
Rangpur,26/04/2020,20
Thakurgaon,26/04/2020,7
Kurigram,27/04/2020,6
Lalmonirhat,27/04/2020,2
Panchagarh,27/04/2020,4
Rangpur,27/04/2020,21
Thakurgaon,27/04/2020,8
Kurigram,28/04/2020,6
Lalmonirhat,28/04/2020,2
Panchagarh,28/04/2020,7
Rangpur,28/04/2020,28
Thakurgaon,28/04/2020,15
Kurigram,29/04/2020,7
Lalmonirhat,29/04/2020,3
Panchagarh,29/04/2020,8
Rangpur,29/04/2020,28
Thakurgaon,29/04/2020,16
Kurigram,30/04/2020,7
Lalmonirhat,30/04/2020,8
Panchagarh,30/04/2020,8
Rangpur,30/04/2020,31
Thakurgaon,30/04/2020,16
Kurigram,1/5/2020,8
Lalmonirhat,1/5/2020,3
Panchagarh,1/5/2020,8
Rangpur,1/5/2020,38
Thakurgaon,1/5/2020,17
Kurigram,2/5/2020,15
Lalmonirhat,2/5/2020,3
Panchagarh,2/5/2020,8
Rangpur,2/5/2020,45
Thakurgaon,2/5/2020,17
Kurigram,3/5/2020,19
Lalmonirhat,3/5/2020,3
Panchagarh,3/5/2020,8
Rangpur,3/5/2020,50
Thakurgaon,3/5/2020,17
Kurigram,4/5/2020,22
Lalmonirhat,4/5/2020,3
Panchagarh,4/5/2020,8
Rangpur,4/5/2020,62
Thakurgaon,4/5/2020,19
Kurigram,5/5/2020,22
Lalmonirhat,5/5/2020,4
Panchagarh,5/5/2020,8
Rangpur,5/5/2020,75
Thakurgaon,5/5/2020,19
Kurigram,6/5/2020,22
Lalmonirhat,6/5/2020,4
Panchagarh,6/5/2020,8
Rangpur,6/5/2020,82
Thakurgaon,6/5/2020,20
Kurigram,7/5/2020,22
Lalmonirhat,7/5/2020,4
Panchagarh,7/5/2020,9
Rangpur,7/5/2020,89
Thakurgaon,7/5/2020,20
Kurigram,8/5/2020,22
Lalmonirhat,8/5/2020,13
Panchagarh,8/5/2020,10
Rangpur,8/5/2020,89
Thakurgaon,8/5/2020,23
Kurigram,9/5/2020,34
Lalmonirhat,9/5/2020,13
Panchagarh,9/5/2020,10
Rangpur,9/5/2020,120
Thakurgaon,9/5/2020,23
Kurigram,10/5/2020,35
Lalmonirhat,10/5/2020,13
Panchagarh,10/5/2020,10
Rangpur,10/5/2020,128
Thakurgaon,10/5/2020,23
Maulvibazar,15/04/2020,2
Sunamganj,15/04/2020,1
Sylhet,15/04/2020,1
Maulvibazar,16/04/2020,2
Sunamganj,16/04/2020,1
Sylhet,16/04/2020,3
Maulvibazar,17/04/2020,2
Sunamganj,17/04/2020,1
Sylhet,17/04/2020,3
Maulvibazar,18/04/2020,2
Sunamganj,18/04/2020,1
Sylhet,18/04/2020,3
Maulvibazar,19/04/2020,2
Sunamganj,19/04/2020,1
Sylhet,19/04/2020,3
Maulvibazar,20/04/2020,2
Sunamganj,20/04/2020,1
Sylhet,20/04/2020,4
Maulvibazar,21/04/2020,2
Sunamganj,21/04/2020,1
Sylhet,21/04/2020,4
Maulvibazar,22/04/2020,2
Sunamganj,22/04/2020,1
Sylhet,22/04/2020,4
Maulvibazar,23/04/2020,4
Sunamganj,23/04/2020,5
Sylhet,23/04/2020,6
Maulvibazar,24/04/2020,4
Sunamganj,24/04/2020,13
Sylhet,24/04/2020,11
Maulvibazar,25/04/2020,4
Sunamganj,25/04/2020,13
Sylhet,25/04/2020,11
Maulvibazar,26/04/2020,6
Sunamganj,26/04/2020,14
Sylhet,26/04/2020,12
Maulvibazar,27/04/2020,12
Sunamganj,27/04/2020,15
Sylhet,27/04/2020,14
Maulvibazar,28/04/2020,12
Sunamganj,28/04/2020,26
Sylhet,28/04/2020,16
Maulvibazar,29/04/2020,12
Sunamganj,29/04/2020,28
Sylhet,29/04/2020,16
Maulvibazar,30/04/2020,12
Sunamganj,30/04/2020,28
Sylhet,30/04/2020,18
Maulvibazar,1/5/2020,12
Sunamganj,1/5/2020,29
Sylhet,1/5/2020,18
Maulvibazar,2/5/2020,17
Sunamganj,2/5/2020,33
Sylhet,2/5/2020,18
Maulvibazar,3/5/2020,17
Sunamganj,3/5/2020,33
Sylhet,3/5/2020,18
Maulvibazar,4/5/2020,19
Sunamganj,4/5/2020,33
Sylhet,4/5/2020,18
Maulvibazar,5/5/2020,21
Sunamganj,5/5/2020,35
Sylhet,5/5/2020,24
Maulvibazar,6/5/2020,29
Sunamganj,6/5/2020,35
Sylhet,6/5/2020,27
Maulvibazar,7/5/2020,29
Sunamganj,7/5/2020,35
Sylhet,7/5/2020,27
Maulvibazar,8/5/2020,30
Sunamganj,8/5/2020,35
Sylhet,8/5/2020,28
Maulvibazar,9/5/2020,30
Sunamganj,9/5/2020,35
Sylhet,9/5/2020,28
Maulvibazar,10/5/2020,33
Sunamganj,10/5/2020,38
Sylhet,10/5/2020,36
Barguna,11/5/2020,37
Barisal,11/5/2020,55
Bhola,11/5/2020,10
Jhalokati,11/5/2020,13
Patuakhali,11/5/2020,29
Pirojpur,11/5/2020,7
Bandarban,11/5/2020,4
Brahamanbaria,11/5/2020,57
Chandpur,11/5/2020,56
Chittagong,11/5/2020,266
Comilla,11/5/2020,182
Cox'S Bazar,11/5/2020,95
Feni,11/5/2020,9
Khagrachhari,11/5/2020,3
Lakshmipur,11/5/2020,59
Noakhali,11/5/2020,48
Rangamati,11/5/2020,4
Dhaka,11/5/2020,7509
Faridpur,11/5/2020,31
Gazipur,11/5/2020,338
Gopalganj,11/5/2020,58
Jamalpur,11/5/2020,110
Kishoreganj,11/5/2020,205
Madaripur,11/5/2020,57
Manikganj,11/5/2020,29
Munshiganj,11/5/2020,216
Mymensingh,11/5/2020,233
Narayanganj,11/5/2020,1243
Narsingdi,11/5/2020,172
Netrakona,11/5/2020,70
Rajbari,11/5/2020,23
Shariatpur,11/5/2020,65
Sherpur,11/5/2020,39
Tangail,11/5/2020,31
Bagerhat,11/5/2020,3
Chuadanga,11/5/2020,25
Jessore,11/5/2020,79
Jhenaidah,11/5/2020,40
Khulna,11/5/2020,22
Kushtia,11/5/2020,23
Magura,11/5/2020,14
Meherpur,11/5/2020,5
Narail,11/5/2020,14
Satkhira,11/5/2020,4
Bogra,11/5/2020,18
Joypurhat,11/5/2020,47
Naogaon,11/5/2020,33
Natore,11/5/2020,13
Nawabganj,11/5/2020,0
Pabna,11/5/2020,18
Rajshahi,11/5/2020,27
Sirajganj,11/5/2020,6
Dinajpur,11/5/2020,42
Gaibandha,11/5/2020,25
Kurigram,11/5/2020,35
Lalmonirhat,11/5/2020,13
Nilphamari,11/5/2020,41
Panchagarh,11/5/2020,10
Rangpur,11/5/2020,134
Thakurgaon,11/5/2020,23
Habiganj,11/5/2020,74
Maulvibazar,11/5/2020,36
Sunamganj,11/5/2020,38
Sylhet,11/5/2020,36
Barguna,12/5/2020,37
Barisal,12/5/2020,56
Bhola,12/5/2020,10
Jhalokati,12/5/2020,13
Patuakhali,12/5/2020,29
Pirojpur,12/5/2020,7
Bandarban,12/5/2020,5
Brahamanbaria,12/5/2020,58
Chandpur,12/5/2020,56
Chittagong,12/5/2020,314
Comilla,12/5/2020,186
Cox'S Bazar,12/5/2020,107
Feni,12/5/2020,13
Khagrachhari,12/5/2020,3
Lakshmipur,12/5/2020,74
Noakhali,12/5/2020,59
Rangamati,12/5/2020,4
Dhaka,12/5/2020,7922
Faridpur,12/5/2020,32
Gazipur,12/5/2020,347
Gopalganj,12/5/2020,62
Jamalpur,12/5/2020,110
Kishoreganj,12/5/2020,205
Madaripur,12/5/2020,57
Manikganj,12/5/2020,29
Munshiganj,12/5/2020,217
Mymensingh,12/5/2020,246
Narayanganj,12/5/2020,1286
Narsingdi,12/5/2020,172
Netrakona,12/5/2020,81
Rajbari,12/5/2020,23
Shariatpur,12/5/2020,60
Sherpur,12/5/2020,39
Tangail,12/5/2020,32
Bagerhat,12/5/2020,5
Chuadanga,12/5/2020,30
Jessore,12/5/2020,84
Jhenaidah,12/5/2020,41
Khulna,12/5/2020,22
Kushtia,12/5/2020,23
Magura,12/5/2020,18
Meherpur,12/5/2020,5
Narail,12/5/2020,14
Satkhira,12/5/2020,4
Bogra,12/5/2020,18
Joypurhat,12/5/2020,55
Naogaon,12/5/2020,33
Natore,12/5/2020,13
Nawabganj,12/5/2020,0
Pabna,12/5/2020,18
Rajshahi,12/5/2020,27
Sirajganj,12/5/2020,6
Dinajpur,12/5/2020,43
Gaibandha,12/5/2020,25
Kurigram,12/5/2020,36
Lalmonirhat,12/5/2020,15
Nilphamari,12/5/2020,43
Panchagarh,12/5/2020,10
Rangpur,12/5/2020,143
Thakurgaon,12/5/2020,24
Habiganj,12/5/2020,81
Maulvibazar,12/5/2020,36
Sunamganj,12/5/2020,43
Sylhet,12/5/2020,39
Barguna,14/05/2020,37
Barisal,14/05/2020,59
Bhola,14/05/2020,11
Jhalokati,14/05/2020,13
Patuakhali,14/05/2020,29
Pirojpur,14/05/2020,7
Bandarban,14/05/2020,5
Brahamanbaria,14/05/2020,59
Chandpur,14/05/2020,74
Chittagong,14/05/2020,497
Comilla,14/05/2020,225
Cox'S Bazar,14/05/2020,127
Feni,14/05/2020,25
Khagrachhari,14/05/2020,7
Lakshmipur,14/05/2020,89
Noakhali,14/05/2020,69
Rangamati,14/05/2020,24
Dhaka,14/05/2020,8490
Faridpur,14/05/2020,47
Gazipur,14/05/2020,460
Gopalganj,14/05/2020,65
Jamalpur,14/05/2020,112
Kishoreganj,14/05/2020,206
Madaripur,14/05/2020,61
Manikganj,14/05/2020,29
Munshiganj,14/05/2020,283
Mymensingh,14/05/2020,262
Narayanganj,14/05/2020,1345
Narsingdi,14/05/2020,173
Netrakona,14/05/2020,82
Rajbari,14/05/2020,24
Shariatpur,14/05/2020,66
Sherpur,14/05/2020,40
Tangail,14/05/2020,35
Bagerhat,14/05/2020,6
Chuadanga,14/05/2020,41
Jessore,14/05/2020,89
Jhenaidah,14/05/2020,43
Khulna,14/05/2020,23
Kushtia,14/05/2020,25
Magura,14/05/2020,22
Meherpur,14/05/2020,5
Narail,14/05/2020,15
Satkhira,14/05/2020,5
Bogra,14/05/2020,29
Joypurhat,14/05/2020,55
Naogaon,14/05/2020,33
Natore,14/05/2020,14
Nawabganj,14/05/2020,0
Pabna,14/05/2020,18
Rajshahi,14/05/2020,27
Sirajganj,14/05/2020,6
Dinajpur,14/05/2020,46
Gaibandha,14/05/2020,25
Kurigram,14/05/2020,39
Lalmonirhat,14/05/2020,15
Nilphamari,14/05/2020,43
Panchagarh,14/05/2020,11
Rangpur,14/05/2020,156
Thakurgaon,14/05/2020,24
Habiganj,14/05/2020,100
Maulvibazar,14/05/2020,37
Sunamganj,14/05/2020,43
Sylhet,14/05/2020,39
Barguna,15/05/2020,37
Barisal,15/05/2020,60
Bhola,15/05/2020,11
Jhalokati,15/05/2020,14
Patuakhali,15/05/2020,29
Pirojpur,15/05/2020,7
Bandarban,15/05/2020,5
Brahamanbaria,15/05/2020,60
Chandpur,15/05/2020,77
Chittagong,15/05/2020,553
Comilla,15/05/2020,259
Cox'S Bazar,15/05/2020,139
Feni,15/05/2020,26
Khagrachhari,15/05/2020,7
Lakshmipur,15/05/2020,93
Noakhali,15/05/2020,89
Rangamati,15/05/2020,25
Dhaka,15/05/2020,8845
Faridpur,15/05/2020,51
Gazipur,15/05/2020,490
Gopalganj,15/05/2020,78
Jamalpur,15/05/2020,113
Kishoreganj,15/05/2020,206
Madaripur,15/05/2020,61
Manikganj,15/05/2020,29
Munshiganj,15/05/2020,297
Mymensingh,15/05/2020,276
Narayanganj,15/05/2020,1391
Narsingdi,15/05/2020,173
Netrakona,15/05/2020,89
Rajbari,15/05/2020,27
Shariatpur,15/05/2020,67
Sherpur,15/05/2020,41
Tangail,15/05/2020,35
Bagerhat,15/05/2020,6
Chuadanga,15/05/2020,41
Jessore,15/05/2020,89
Jhenaidah,15/05/2020,43
Khulna,15/05/2020,23
Kushtia,15/05/2020,25
Magura,15/05/2020,22
Meherpur,15/05/2020,5
Narail,15/05/2020,15
Satkhira,15/05/2020,5
Bogra,15/05/2020,29
Joypurhat,15/05/2020,56
Naogaon,15/05/2020,40
Natore,15/05/2020,14
Nawabganj,15/05/2020,0
Pabna,15/05/2020,18
Rajshahi,15/05/2020,30
Sirajganj,15/05/2020,6
Dinajpur,15/05/2020,47
Gaibandha,15/05/2020,26
Kurigram,15/05/2020,41
Lalmonirhat,15/05/2020,17
Nilphamari,15/05/2020,43
Panchagarh,15/05/2020,11
Rangpur,15/05/2020,173
Thakurgaon,15/05/2020,24
Habiganj,15/05/2020,100
Maulvibazar,15/05/2020,37
Sunamganj,15/05/2020,43
Sylhet,15/05/2020,39
